{
    "accuracy": 0.9215277777777777,
    "precision": 0.9216800926426978,
    "recall": 0.9215277777777777,
    "f1": 0.9207061834691471,
    "best_params": {
        "max_depth": 20,
        "min_samples_leaf": 2,
        "min_samples_split": 2,
        "n_estimators": 200
    }
}